brand,category,manufacturer,launch_year
JuBrand3,Juice,NordicOrchard Co,2015
MiBrand1,Milk,Baltic Dairy Group,2010
MiBrand2,Milk,Baltic Dairy Group,2012
MiBrand3,Milk,Meadowfresh Dairies,2014
MiBrand4,Milk,Meadowfresh Dairies,2018
ReBrand1,ReadyMeal,QuickTable Foods,2016
ReBrand2,ReadyMeal,QuickTable Foods,2019
ReBrand4,ReadyMeal,HearthKit Meals,2020
SnBrand2,SnackBar,Northfield Snacks,2013
SnBrand3,SnackBar,Northfield Snacks,2017
YoBrand1,Yogurt,Baltic Dairy Group,2009
YoBrand2,Yogurt,Meadowfresh Dairies,2011
YoBrand3,Yogurt,CreamlineFoods,2015
YoBrand4,Yogurt,CreamlineFoods,2021
